Time,0,1,2,3,4,5,6,7,8,9,10,11,12,13,14,15,16,17,18,19,20,21,22,23,24,25,26,27,28,29,30,31,32,33,34,35,36,37,38,39,40,41,42,43,44,45,46,47,48,49
a,5.16
a1,0.0005
a10,0.51
a11,34000
a12,-0.0019
a13,0.007
a14,0.132
a15,105
a16,20
a17,1
a18,20
a19,-0.05
a2,2.9
a20,0.005
a21,0.08
a22,6.5
a23,-0.009
a24,3.2
a25,-0.009
a26,0.004
a27,0.0099
a28,0.0975
a29,120
a3,5e-006
a30,-1.2e-005
a31,0.14
a32,0.0005
a33,0.32
a34,0.035
a35,0.0045
a36,0.16
a37,-0.65
a38,0
a39,9.5
a40,0.1
a41,2.5
a5,0.2
a6,-0.6
a7,-0.6
a8,0.05
a9,-1
Acceso a crédito,0.826446,0.826456,0.826466,0.826475,0.826485,0.826495,0.826505,0.826515,0.826525,0.826534,0.826544,0.826554,0.826564,0.826574,0.826583,0.826593,0.826603,0.826613,0.826622,0.826632,0.826642,0.826651,0.826661,0.826671,0.82668,0.82669,0.826699,0.826709,0.826718,0.826728,0.826737,0.826747,0.826756,0.826765,0.826775,0.826784,0.826793,0.826803,0.826812,0.826821,0.82683,0.826839,0.826848,0.826857,0.826866,0.826875,0.826884,0.826893,0.826902,0.826911
Acceso agua potable,0.853
Agua disponible,0.752219,0.751586,0.750954,0.750321,0.749689,0.749057,0.748425,0.747794,0.747162,0.746531,0.7459,0.74527,0.744639,0.744009,0.743379,0.742749,0.742119,0.741489,0.74086,0.740231,0.739602,0.738973,0.738345,0.737716,0.737088,0.73646,0.735832,0.735204,0.734577,0.733949,0.733322,0.732695,0.732068,0.731441,0.730814,0.730188,0.729561,0.728935,0.728309,0.727682,0.727057,0.726431,0.725805,0.725179,0.724554,0.723928,0.723303,0.722677,0.722052,0.721427
Años por cohorte edad[Infantes],5
Años por cohorte edad[Niños],10,10,10,10,10,10,10,10,10,10,10,10,10,10,10,10,10,10,10,10,10,10,10,10,10,10,10,10,10,10,10,10,10,10,10,10,10,10,10,10,10,10,10,10,10,10,10,10,10,10
Años por cohorte edad[Adultos],40,40,40,40,40,40,40,40,40,40,40,40,40,40,40,40,40,40,40,40,40,40,40,40,40,40,40,40,40,40,40,40,40,40,40,40,40,40,40,40,40,40,40,40,40,40,40,40,40,40
Años por cohorte edad[Ancianos],20,20,20,20,20,20,20,20,20,20,20,20,20,20,20,20,20,20,20,20,20,20,20,20,20,20,20,20,20,20,20,20,20,20,20,20,20,20,20,20,20,20,20,20,20,20,20,20,20,20
Atraso escolar,6.97368,6.99679,7.01768,7.03654,7.0536,7.06906,7.08308,7.09582,7.10742,7.11798,7.12762,7.13643,7.1445,7.15188,7.15866,7.16489,7.17061,7.17589,7.18075,7.18525,7.18941,7.19326,7.19683,7.20015,7.20324,7.20611,7.2088,7.21131,7.21366,7.21586,7.21793,7.21988,7.22171,7.22345,7.22508,7.22663,7.22811,7.22951,7.23084,7.23211,7.23332,7.23448,7.23559,7.23665,7.23768,7.23866,7.23961,7.24053,7.24141,7.24227
b,0.36
b10,-1
b11,1.53
b12,7.2
b13,-1.5
b14,-5
b15,5
b16,-4.1
b18,0.001
b19,0.1
b2,0.15
b20,1.25
b21,0.05
b22,4
b3,0.035
b4,30
b5,0.55
b6,0.2
b7,0.39
b8,0.6
b9,1.1
Bosques,661,660.432,659.863,659.295,658.727,658.16,657.592,657.025,656.458,655.891,655.324,654.758,654.191,653.625,653.059,652.494,651.928,651.362,650.797,650.232,649.667,649.102,648.538,647.973,647.409,646.845,646.281,645.717,645.153,644.59,644.026,643.463,642.9,642.337,641.774,641.211,640.648,640.086,639.523,638.961,638.399,637.837,637.275,636.713,636.151,635.589,635.027,634.465,633.904,633.342
c,0.00558
c2,2425
c3,999.5
c5,6
c6,14
c7,4
c8,19.5
c9,28000
Calidad de la dieta,0.498192,0.495595,0.493211,0.491022,0.48901,0.487161,0.485462,0.483898,0.482459,0.481135,0.479914,0.478789,0.477752,0.476794,0.47591,0.475092,0.474335,0.473635,0.472986,0.472383,0.471824,0.471304,0.47082,0.470369,0.469948,0.469555,0.469187,0.468842,0.468519,0.468216,0.46793,0.467661,0.467407,0.467167,0.466939,0.466724,0.466519,0.466324,0.466139,0.465961,0.465792,0.46563,0.465475,0.465325,0.465182,0.465044,0.464911,0.464782,0.464658,0.464537
Calidad del agua,-0.3214,-0.3214,-0.3214,-0.3214,-0.3214,-0.3214,-0.3214,-0.3214,-0.3214,-0.3214,-0.3214,-0.3214,-0.3214,-0.3214,-0.3214,-0.3214,-0.3214,-0.3214,-0.3214,-0.3214,-0.3214,-0.3214,-0.3214,-0.3214,-0.3214,-0.3214,-0.3214,-0.3214,-0.3214,-0.3214,-0.3214,-0.3214,-0.3214,-0.3214,-0.3214,-0.3214,-0.3214,-0.3214,-0.3214,-0.3214,-0.3214,-0.3214,-0.3214,-0.3214,-0.3214,-0.3214,-0.3214,-0.3214,-0.3214,-0.3214
Cantidad de alimentos,1967.76,1968.69,1969.63,1970.58,1971.52,1972.48,1973.43,1974.39,1975.35,1976.32,1977.29,1978.26,1979.23,1980.21,1981.18,1982.16,1983.14,1984.12,1985.1,1986.09,1987.07,1988.05,1989.03,1990.01,1990.99,1991.97,1992.95,1993.93,1994.91,1995.88,1996.85,1997.82,1998.79,1999.76,2000.72,2001.68,2002.64,2003.6,2004.55,2005.5,2006.45,2007.39,2008.33,2009.27,2010.21,2011.14,2012.06,2012.99,2013.91,2014.82
Cobertura forestal,0.44155,0.44117,0.44079,0.440411,0.440032,0.439652,0.439273,0.438894,0.438516,0.438137,0.437758,0.43738,0.437002,0.436623,0.436245,0.435867,0.43549,0.435112,0.434734,0.434357,0.433979,0.433602,0.433225,0.432848,0.432471,0.432094,0.431717,0.431341,0.430964,0.430588,0.430211,0.429835,0.429459,0.429083,0.428707,0.428331,0.427955,0.427579,0.427203,0.426828,0.426452,0.426077,0.425701,0.425326,0.42495,0.424575,0.4242,0.423825,0.423449,0.423074
Cobertura forestal inicial,0.44155
Comercialización,0.269786,0.269787,0.269789,0.26979,0.269792,0.269793,0.269795,0.269796,0.269798,0.2698,0.269801,0.269803,0.269804,0.269806,0.269808,0.269809,0.269811,0.269813,0.269814,0.269816,0.269817,0.269819,0.269821,0.269822,0.269824,0.269826,0.269827,0.269829,0.26983,0.269832,0.269834,0.269835,0.269837,0.269839,0.26984,0.269842,0.269843,0.269845,0.269847,0.269848,0.26985,0.269852,0.269853,0.269855,0.269856,0.269858,0.26986,0.269861,0.269863,0.269864
Comida comprada,1497.63,1497.53,1497.44,1497.36,1497.28,1497.2,1497.12,1497.05,1496.99,1496.93,1496.87,1496.81,1496.76,1496.71,1496.66,1496.62,1496.58,1496.54,1496.51,1496.48,1496.45,1496.42,1496.39,1496.36,1496.34,1496.32,1496.3,1496.28,1496.26,1496.24,1496.23,1496.21,1496.2,1496.18,1496.17,1496.16,1496.15,1496.14,1496.13,1496.12,1496.11,1496.1,1496.09,1496.08,1496.08,1496.07,1496.06,1496.05,1496.05,1496.04
Consumo de leña,625.28,625.067,624.854,624.641,624.429,624.218,624.007,623.798,623.59,623.384,623.179,622.976,622.774,622.575,622.378,622.183,621.991,621.801,621.614,621.43,621.249,621.071,620.896,620.724,620.555,620.39,620.229,620.071,619.917,619.766,619.62,619.477,619.339,619.205,619.075,618.949,618.827,618.71,618.597,618.489,618.385,618.286,618.192,618.102,618.017,617.936,617.861,617.79,617.725,617.664
Consumo leña por hogar,0.8
Costos insumos,7.15431,7.15431,7.15431,7.15431,7.15432,7.15432,7.15432,7.15432,7.15432,7.15433,7.15433,7.15433,7.15433,7.15434,7.15434,7.15434,7.15434,7.15434,7.15435,7.15435,7.15435,7.15435,7.15436,7.15436,7.15436,7.15436,7.15436,7.15437,7.15437,7.15437,7.15437,7.15438,7.15438,7.15438,7.15438,7.15438,7.15439,7.15439,7.15439,7.15439,7.1544,7.1544,7.1544,7.1544,7.15441,7.15441,7.15441,7.15441,7.15441,7.15441
Costumbre de consumo,0.01,0.01,0.01,0.01,0.01,0.01,0.01,0.01,0.01,0.01,0.01,0.01,0.01,0.01,0.01,0.01,0.01,0.01,0.01,0.01,0.01,0.01,0.01,0.01,0.01,0.01,0.01,0.01,0.01,0.01,0.01,0.01,0.01,0.01,0.01,0.01,0.01,0.01,0.01,0.01,0.01,0.01,0.01,0.01,0.01,0.01,0.01,0.01,0.01,0.01
Cubertura forestal mínima,0.6
Deforestación,0.568436,0.568242,0.568049,0.567855,0.567663,0.567471,0.567279,0.567089,0.5669,0.566712,0.566526,0.566342,0.566158,0.565977,0.565798,0.565621,0.565446,0.565274,0.565104,0.564937,0.564772,0.56461,0.564451,0.564294,0.564141,0.563991,0.563844,0.563701,0.563561,0.563424,0.563291,0.563161,0.563035,0.562913,0.562795,0.562681,0.56257,0.562464,0.562361,0.562263,0.562168,0.562078,0.561992,0.561911,0.561833,0.56176,0.561692,0.561628,0.561568,0.561512
Demanda de trabajo,249.093,248.86,248.628,248.395,248.163,247.931,247.701,247.472,247.244,247.018,246.795,246.573,246.354,246.137,245.922,245.709,245.498,245.289,245.081,244.874,244.669,244.465,244.262,244.06,243.858,243.657,243.456,243.256,243.056,242.856,242.657,242.458,242.259,242.06,241.861,241.662,241.463,241.265,241.066,240.868,240.67,240.471,240.274,240.076,239.878,239.681,239.484,239.288,239.091,238.895
Densidad poblacional,1.95792,1.95945,1.961,1.96256,1.96413,1.96571,1.96731,1.96891,1.97052,1.97213,1.97375,1.97538,1.97701,1.97865,1.98029,1.98193,1.98357,1.98522,1.98687,1.98852,1.99017,1.99182,1.99348,1.99513,1.99678,1.99844,2.00009,2.00174,2.0034,2.00505,2.0067,2.00835,2.01,2.01165,2.0133,2.01495,2.0166,2.01824,2.01989,2.02153,2.02318,2.02482,2.02646,2.0281,2.02974,2.03138,2.03301,2.03465,2.03629,2.03792
Desarrollo físico,0.27,0.27,0.27,0.27,0.270015,0.270065,0.270173,0.27036,0.270642,0.271032,0.271539,0.272165,0.27291,0.273772,0.274744,0.275818,0.276984,0.278233,0.279554,0.280934,0.282364,0.283832,0.285329,0.286846,0.288372,0.289901,0.291425,0.292938,0.294434,0.295908,0.297357,0.298776,0.300163,0.301515,0.302831,0.304109,0.305348,0.306548,0.307707,0.308827,0.309907,0.310947,0.311949,0.312912,0.313838,0.314727,0.31558,0.316399,0.317184,0.317937
Desempleo,173.713,173.48,173.248,173.015,172.783,172.551,172.321,172.092,171.864,171.638,171.415,171.193,170.974,170.757,170.542,170.329,170.118,169.909,169.701,169.494,169.289,169.085,168.882,168.68,168.478,168.277,168.076,167.876,167.676,167.476,167.277,167.078,166.879,166.68,166.481,166.282,166.083,165.885,165.686,165.488,165.29,165.091,164.894,164.696,164.498,164.301,164.104,163.908,163.711,163.515
Desnutrición crónica infantil,0.73,0.726856,0.723875,0.721052,0.718379,0.715846,0.713445,0.711168,0.709008,0.706959,0.705014,0.703167,0.701413,0.699747,0.698163,0.696658,0.695227,0.693865,0.69257,0.691338,0.690165,0.689048,0.687984,0.686971,0.686006,0.685086,0.684209,0.683373,0.682576,0.681816,0.681091,0.680399,0.679739,0.679109,0.678508,0.677933,0.677385,0.676861,0.676361,0.675883,0.675426,0.674989,0.674572,0.674173,0.673791,0.673426,0.673077,0.672743,0.672424,0.672118
Desnutrición inicial,0.73
Disponibilidad agua superficie,0.735916,0.735283,0.734651,0.734018,0.733386,0.732754,0.732122,0.731491,0.730859,0.730228,0.729597,0.728967,0.728336,0.727706,0.727076,0.726446,0.725816,0.725186,0.724557,0.723928,0.723299,0.72267,0.722042,0.721413,0.720785,0.720157,0.719529,0.718901,0.718274,0.717646,0.717019,0.716392,0.715765,0.715138,0.714511,0.713885,0.713258,0.712632,0.712006,0.71138,0.710754,0.710128,0.709502,0.708876,0.708251,0.707625,0.707,0.706374,0.705749,0.705124
Disponibilidad trabajo,75.38
Educación,2.9,2.91477,2.92927,2.94353,2.95755,2.97136,2.98497,2.99839,3.01162,3.02469,3.03758,3.05033,3.06292,3.07537,3.08768,3.09986,3.11191,3.12383,3.13564,3.14733,3.15891,3.17038,3.18174,3.193,3.20416,3.21522,3.22619,3.23705,3.24783,3.25851,3.26911,3.27961,3.29004,3.30037,3.31062,3.32079,3.33088,3.34088,3.35081,3.36066,3.37043,3.38013,3.38975,3.3993,3.40877,3.41817,3.4275,3.43675,3.44594,3.45505
Educación inicial,2.9
Educación sexual,0.4
Emigración permanente,0.999993,0.999993,0.999993,0.999993,0.999993,0.999993,0.999992,0.999992,0.999992,0.999992,0.999992,0.999992,0.999991,0.999991,0.999991,0.999991,0.999991,0.99999,0.99999,0.99999,0.99999,0.99999,0.99999,0.999989,0.999989,0.999989,0.999989,0.999988,0.999988,0.999988,0.999988,0.999987,0.999987,0.999987,0.999987,0.999987,0.999986,0.999986,0.999986,0.999985,0.999985,0.999985,0.999985,0.999984,0.999984,0.999984,0.999983,0.999983,0.999983,0.999982
Enfermedades infantiles,0.458955,0.458955,0.459424,0.459868,0.460288,0.460687,0.461065,0.461423,0.461762,0.462084,0.46239,0.46268,0.462955,0.463217,0.463466,0.463702,0.463927,0.46414,0.464343,0.464537,0.464721,0.464896,0.465062,0.465221,0.465372,0.465516,0.465654,0.465785,0.465909,0.466028,0.466142,0.46625,0.466354,0.466452,0.466546,0.466636,0.466722,0.466804,0.466882,0.466957,0.467028,0.467096,0.467162,0.467224,0.467283,0.46734,0.467395,0.467447,0.467497,0.467545
Esperanza de vida,75
Fallecimientos[Infantes],0.115172,0.11707,0.118948,0.120804,0.122639,0.124452,0.126241,0.128007,0.129749,0.131467,0.133161,0.134829,0.136473,0.138092,0.139686,0.141255,0.142798,0.144317,0.145812,0.147281,0.148726,0.150147,0.151543,0.152916,0.154264,0.15559,0.156892,0.158171,0.159428,0.160662,0.161874,0.163065,0.164234,0.165382,0.166509,0.167616,0.168702,0.169769,0.170816,0.171844,0.172853,0.173844,0.174816,0.17577,0.176707,0.177627,0.178529,0.179415,0.180284,0.181137
Fallecimientos[Niños],0,0,0,0,0,0,0,0,0,0,0,0,0,0,0,0,0,0,0,0,0,0,0,0,0,0,0,0,0,0,0,0,0,0,0,0,0,0,0,0,0,0,0,0,0,0,0,0,0,0
Fallecimientos[Adultos],0,0,0,0,0,0,0,0,0,0,0,0,0,0,0,0,0,0,0,0,0,0,0,0,0,0,0,0,0,0,0,0,0,0,0,0,0,0,0,0,0,0,0,0,0,0,0,0,0,0
Fallecimientos[Ancianos],3.25667,3.25556,3.25445,3.25334,3.25223,3.25112,3.25002,3.24892,3.24781,3.24671,3.24561,3.24452,3.24342,3.24232,3.24123,3.24014,3.23905,3.23796,3.23687,3.23579,3.2347,3.23362,3.23254,3.23146,3.23039,3.22931,3.22824,3.22717,3.22611,3.22504,3.22398,3.22292,3.22186,3.22081,3.21976,3.21871,3.21766,3.21662,3.21558,3.21454,3.21351,3.21247,3.21145,3.21042,3.2094,3.20839,3.20737,3.20636,3.20536,3.20436
Fertilidad,0.102364,0.102742,0.103089,0.103406,0.103697,0.103962,0.104204,0.104425,0.104625,0.104808,0.104974,0.105124,0.10526,0.105383,0.105494,0.105594,0.105683,0.105764,0.105836,0.1059,0.105957,0.106008,0.106053,0.106092,0.106126,0.106156,0.106182,0.106203,0.106222,0.106237,0.106249,0.106259,0.106266,0.106271,0.106275,0.106276,0.106276,0.106274,0.106271,0.106267,0.106261,0.106255,0.106248,0.106239,0.106231,0.106221,0.106211,0.1062,0.106189,0.106177
FINAL TIME,49
Fracción adultos inicial,0.533333,0.533333,0.533333,0.533333,0.533333,0.533333,0.533333,0.533333,0.533333,0.533333,0.533333,0.533333,0.533333,0.533333,0.533333,0.533333,0.533333,0.533333,0.533333,0.533333,0.533333,0.533333,0.533333,0.533333,0.533333,0.533333,0.533333,0.533333,0.533333,0.533333,0.533333,0.533333,0.533333,0.533333,0.533333,0.533333,0.533333,0.533333,0.533333,0.533333,0.533333,0.533333,0.533333,0.533333,0.533333,0.533333,0.533333,0.533333,0.533333,0.533333
Fracción infantes inicial,0.0666667,0.0666667,0.0666667,0.0666667,0.0666667,0.0666667,0.0666667,0.0666667,0.0666667,0.0666667,0.0666667,0.0666667,0.0666667,0.0666667,0.0666667,0.0666667,0.0666667,0.0666667,0.0666667,0.0666667,0.0666667,0.0666667,0.0666667,0.0666667,0.0666667,0.0666667,0.0666667,0.0666667,0.0666667,0.0666667,0.0666667,0.0666667,0.0666667,0.0666667,0.0666667,0.0666667,0.0666667,0.0666667,0.0666667,0.0666667,0.0666667,0.0666667,0.0666667,0.0666667,0.0666667,0.0666667,0.0666667,0.0666667,0.0666667,0.0666667
Fracción niños inicial,0.133333,0.133333,0.133333,0.133333,0.133333,0.133333,0.133333,0.133333,0.133333,0.133333,0.133333,0.133333,0.133333,0.133333,0.133333,0.133333,0.133333,0.133333,0.133333,0.133333,0.133333,0.133333,0.133333,0.133333,0.133333,0.133333,0.133333,0.133333,0.133333,0.133333,0.133333,0.133333,0.133333,0.133333,0.133333,0.133333,0.133333,0.133333,0.133333,0.133333,0.133333,0.133333,0.133333,0.133333,0.133333,0.133333,0.133333,0.133333,0.133333,0.133333
Fracción tierras a hortalizas,0.4
Ganancia agrícola,3154.08,3158.51,3162.93,3167.34,3171.74,3176.13,3180.51,3184.87,3189.21,3193.55,3197.86,3202.16,3206.43,3210.69,3214.93,3219.15,3223.35,3227.53,3231.68,3235.81,3239.92,3244,3248.06,3252.09,3256.09,3260.07,3264.02,3267.94,3271.84,3275.7,3279.54,3283.34,3287.11,3290.86,3294.57,3298.25,3301.9,3305.51,3309.09,3312.64,3316.16,3319.64,3323.08,3326.49,3329.87,3333.21,3336.52,3339.79,3343.02,3346.21
Gastos en enfermedades,65.8039,65.8039,65.8442,65.8823,65.9185,65.9527,65.9852,66.0159,66.0451,66.0727,66.0989,66.1238,66.1474,66.1698,66.1911,66.2114,66.2306,66.2489,66.2663,66.2829,66.2986,66.3136,66.3279,66.3414,66.3544,66.3667,66.3785,66.3897,66.4003,66.4105,66.4202,66.4295,66.4383,66.4467,66.4548,66.4624,66.4698,66.4768,66.4834,66.4898,66.4959,66.5018,66.5073,66.5127,66.5177,66.5226,66.5273,66.5317,66.536,66.5401
Higiene,0.897
Infraestructura vial,0.11
Ingresos netos familiares,1834.7,1836.43,1838.08,1839.72,1841.33,1842.92,1844.5,1846.06,1847.6,1849.12,1850.63,1852.12,1853.6,1855.07,1856.52,1857.96,1859.39,1860.8,1862.2,1863.59,1864.97,1866.33,1867.69,1869.03,1870.36,1871.68,1872.99,1874.29,1875.58,1876.86,1878.13,1879.39,1880.63,1881.87,1883.1,1884.31,1885.52,1886.72,1887.91,1889.08,1890.25,1891.41,1892.56,1893.69,1894.82,1895.94,1897.05,1898.15,1899.24,1900.32
Ingresos salariales,1637.67,1639.02,1640.35,1641.65,1642.94,1644.2,1645.44,1646.67,1647.87,1649.06,1650.24,1651.4,1652.55,1653.68,1654.8,1655.91,1657,1658.09,1659.16,1660.22,1661.27,1662.31,1663.34,1664.37,1665.38,1666.38,1667.37,1668.36,1669.33,1670.3,1671.25,1672.2,1673.15,1674.08,1675.01,1675.92,1676.83,1677.74,1678.63,1679.52,1680.4,1681.27,1682.14,1683,1683.85,1684.7,1685.54,1686.37,1687.19,1688.01
INITIAL TIME,0
Madera por área,1100
Migración[Infantes],0.0666662,0.0677148,0.0687495,0.0697698,0.0707755,0.0717663,0.0727417,0.0737017,0.074646,0.0755745,0.0764871,0.0773838,0.0782645,0.0791293,0.0799781,0.0808111,0.0816282,0.0824296,0.0832154,0.0839858,0.0847408,0.0854806,0.0862053,0.0869152,0.0876105,0.0882912,0.0889576,0.0896099,0.0902483,0.0908731,0.0914843,0.0920822,0.0926671,0.0932391,0.0937985,0.0943454,0.0948802,0.0954029,0.0959138,0.0964131,0.0969011,0.0973779,0.0978438,0.0982989,0.0987434,0.0991776,0.0996016,0.100016,0.10042,0.100815
Migración[Niños],0.133332,0.133183,0.133051,0.132937,0.13284,0.13276,0.132698,0.132651,0.132621,0.132606,0.132606,0.132622,0.132652,0.132696,0.132755,0.132826,0.132911,0.133009,0.133119,0.133241,0.133375,0.13352,0.133676,0.133843,0.134021,0.134208,0.134405,0.134611,0.134827,0.135051,0.135284,0.135525,0.135773,0.136029,0.136293,0.136563,0.136841,0.137124,0.137414,0.13771,0.138012,0.138319,0.138631,0.138948,0.13927,0.139597,0.139928,0.140263,0.140602,0.140944
Migración[Adultos],0.53333,0.532731,0.532129,0.531524,0.530918,0.530311,0.529703,0.529095,0.528487,0.527879,0.527271,0.526665,0.526061,0.525458,0.524856,0.524257,0.523661,0.523066,0.522475,0.521887,0.521302,0.52072,0.520141,0.519566,0.518995,0.518427,0.517864,0.517304,0.516749,0.516198,0.515651,0.515108,0.51457,0.514036,0.513507,0.512983,0.512463,0.511948,0.511438,0.510932,0.510431,0.509935,0.509444,0.508958,0.508477,0.508001,0.507529,0.507063,0.506602,0.506145
Migración[Ancianos],0.266665,0.266365,0.266064,0.265762,0.265459,0.265155,0.26485,0.264545,0.264239,0.263933,0.263627,0.263321,0.263014,0.262708,0.262402,0.262096,0.261791,0.261486,0.261181,0.260877,0.260573,0.260269,0.259967,0.259665,0.259363,0.259062,0.258762,0.258463,0.258164,0.257866,0.257569,0.257273,0.256977,0.256682,0.256388,0.256095,0.255802,0.255511,0.25522,0.25493,0.254641,0.254353,0.254065,0.253779,0.253493,0.253208,0.252925,0.252641,0.252359,0.252078
Mortalidad infantil,0.000589417,0.00058939,0.000589366,0.000589342,0.00058932,0.000589299,0.000589279,0.00058926,0.000589242,0.000589225,0.000589208,0.000589193,0.000589178,0.000589165,0.000589151,0.000589139,0.000589127,0.000589116,0.000589105,0.000589094,0.000589085,0.000589075,0.000589067,0.000589058,0.00058905,0.000589042,0.000589035,0.000589028,0.000589021,0.000589015,0.000589009,0.000589003,0.000588998,0.000588993,0.000588988,0.000588983,0.000588978,0.000588974,0.00058897,0.000588966,0.000588962,0.000588958,0.000588955,0.000588951,0.000588948,0.000588945,0.000588942,0.00058894,0.000588937,0.000588934
Nacimientos,6.66728,6.68965,6.70994,6.72832,6.74493,6.75989,6.77335,6.78541,6.79619,6.80579,6.81431,6.82183,6.82845,6.83424,6.83926,6.8436,6.8473,6.85043,6.85303,6.85516,6.85686,6.85817,6.85913,6.85977,6.86012,6.86022,6.86009,6.85975,6.85923,6.85855,6.85772,6.85678,6.85572,6.85456,6.85333,6.85203,6.85066,6.84926,6.84781,6.84634,6.84484,6.84333,6.84181,6.84029,6.83877,6.83727,6.83577,6.8343,6.83285,6.83142
Número de familias,781.6,781.333,781.067,780.801,780.536,780.272,780.009,779.748,779.488,779.23,778.973,778.72,778.468,778.219,777.973,777.729,777.489,777.252,777.018,776.788,776.561,776.338,776.12,775.905,775.694,775.488,775.286,775.089,774.896,774.708,774.525,774.347,774.174,774.006,773.843,773.686,773.534,773.387,773.247,773.111,772.982,772.858,772.74,772.627,772.521,772.421,772.326,772.238,772.156,772.08
Población[Infantes],195.4,198.629,201.823,204.982,208.103,211.186,214.23,217.234,220.197,223.119,225.999,228.837,231.633,234.386,237.096,239.764,242.39,244.973,247.514,250.013,252.47,254.885,257.26,259.593,261.887,264.14,266.354,268.529,270.666,272.764,274.825,276.849,278.836,280.788,282.704,284.585,286.432,288.246,290.026,291.773,293.488,295.172,296.824,298.446,300.039,301.601,303.135,304.64,306.118,307.568
Población[Niños],390.8,390.667,390.588,390.564,390.593,390.674,390.805,390.986,391.216,391.493,391.817,392.185,392.599,393.055,393.553,394.092,394.671,395.289,395.945,396.638,397.366,398.129,398.926,399.756,400.617,401.509,402.431,403.383,404.362,405.369,406.402,407.46,408.543,409.65,410.78,411.932,413.106,414.301,415.515,416.749,418.001,419.271,420.559,421.862,423.182,424.517,425.866,427.23,428.607,429.996
Población[Adultos],1563.2,1562.67,1562.13,1561.6,1561.07,1560.54,1560.02,1559.5,1558.98,1558.46,1557.95,1557.44,1556.94,1556.44,1555.95,1555.46,1554.98,1554.5,1554.04,1553.58,1553.12,1552.68,1552.24,1551.81,1551.39,1550.98,1550.57,1550.18,1549.79,1549.42,1549.05,1548.69,1548.35,1548.01,1547.69,1547.37,1547.07,1546.77,1546.49,1546.22,1545.96,1545.72,1545.48,1545.25,1545.04,1544.84,1544.65,1544.48,1544.31,1544.16
Población[Ancianos],781.6,781.333,781.067,780.801,780.535,780.27,780.005,779.74,779.475,779.211,778.947,778.684,778.421,778.158,777.895,777.633,777.371,777.11,776.849,776.589,776.329,776.069,775.81,775.551,775.293,775.035,774.778,774.522,774.265,774.01,773.755,773.501,773.247,772.994,772.741,772.49,772.238,771.988,771.738,771.489,771.241,770.994,770.747,770.501,770.257,770.012,769.769,769.527,769.286,769.045
Población inicial,2931
Población total,2931,2933.3,2935.61,2937.95,2940.3,2942.67,2945.06,2947.45,2949.86,2952.28,2954.71,2957.15,2959.59,2962.04,2964.49,2966.95,2969.41,2971.88,2974.34,2976.81,2979.29,2981.76,2984.23,2986.71,2989.19,2991.66,2994.14,2996.61,2999.08,3001.56,3004.03,3006.5,3008.97,3011.44,3013.91,3016.38,3018.84,3021.31,3023.77,3026.23,3028.69,3031.15,3033.61,3036.06,3038.52,3040.97,3043.42,3045.87,3048.32,3050.77
Pobreza,111.8,117.268,122.287,126.898,131.135,135.029,138.61,141.905,144.937,147.73,150.303,152.675,154.864,156.884,158.751,160.476,162.073,163.552,164.923,166.194,167.376,168.474,169.497,170.449,171.339,172.169,172.946,173.674,174.357,174.999,175.603,176.172,176.709,177.217,177.698,178.153,178.586,178.998,179.391,179.766,180.124,180.467,180.795,181.111,181.415,181.707,181.989,182.261,182.524,182.778
Pobreza inicial,111.8
Política acceso a crédito,0
Política consumo de hortalizas,0
Política educación,0
Política reforestación,0
Política riego,0
Producción hortalizas,3171.69,3176.12,3180.54,3184.95,3189.35,3193.74,3198.12,3202.48,3206.82,3211.16,3215.47,3219.77,3224.04,3228.3,3232.54,3236.76,3240.96,3245.14,3249.29,3253.42,3257.53,3261.61,3265.67,3269.7,3273.7,3277.68,3281.63,3285.55,3289.45,3293.31,3297.15,3300.95,3304.72,3308.47,3312.18,3315.86,3319.51,3323.12,3326.7,3330.25,3333.77,3337.25,3340.69,3344.1,3347.48,3350.82,3354.13,3357.4,3360.63,3363.82
Producción hortalizas consumida,10.4556,10.4556,10.4556,10.4556,10.4556,10.4556,10.4556,10.4556,10.4556,10.4556,10.4556,10.4556,10.4556,10.4556,10.4556,10.4556,10.4556,10.4556,10.4556,10.4556,10.4556,10.4556,10.4556,10.4556,10.4556,10.4556,10.4556,10.4556,10.4556,10.4556,10.4556,10.4556,10.4556,10.4556,10.4556,10.4556,10.4556,10.4556,10.4556,10.4556,10.4556,10.4556,10.4556,10.4556,10.4556,10.4556,10.4556,10.4556,10.4556,10.4556
Producción milpa,459.672,460.702,461.732,462.763,463.793,464.823,465.853,466.882,467.911,468.939,469.966,470.992,472.017,473.041,474.064,475.085,476.105,477.124,478.14,479.155,480.168,481.178,482.187,483.193,484.198,485.199,486.199,487.195,488.189,489.181,490.169,491.155,492.138,493.117,494.094,495.067,496.038,497.004,497.968,498.928,499.884,500.837,501.787,502.733,503.675,504.613,505.547,506.478,507.405,508.328
Reforestación,0,0,0,0,0,0,0,0,0,0,0,0,0,0,0,0,0,0,0,0,0,0,0,0,0,0,0,0,0,0,0,0,0,0,0,0,0,0,0,0,0,0,0,0,0,0,0,0,0,0
Rendimiento hortalizas,20699.7,20682.2,20664.8,20647.4,20630,20612.6,20595.3,20577.9,20560.5,20543.1,20525.8,20508.4,20491.1,20473.7,20456.4,20439,20421.7,20404.4,20387.1,20369.8,20352.4,20335.1,20317.8,20300.6,20283.3,20266,20248.7,20231.4,20214.2,20196.9,20179.6,20162.4,20145.1,20127.9,20110.6,20093.4,20076.1,20058.9,20041.7,20024.4,20007.2,19990,19972.8,19955.6,19938.3,19921.1,19903.9,19886.7,19869.5,19852.3
Rendimiento milpa,3000,3000,3000,3000,3000,3000,3000,3000,3000,3000,3000,3000,3000,3000,3000,3000,3000,3000,3000,3000,3000,3000,3000,3000,3000,3000,3000,3000,3000,3000,3000,3000,3000,3000,3000,3000,3000,3000,3000,3000,3000,3000,3000,3000,3000,3000,3000,3000,3000,3000
Riego,0.016303,0.016303,0.016303,0.016303,0.016303,0.016303,0.016303,0.016303,0.016303,0.016303,0.016303,0.016303,0.016303,0.016303,0.016303,0.016303,0.016303,0.016303,0.016303,0.016303,0.016303,0.016303,0.016303,0.016303,0.016303,0.016303,0.016303,0.016303,0.016303,0.016303,0.016303,0.016303,0.016303,0.016303,0.016303,0.016303,0.016303,0.016303,0.016303,0.016303,0.016303,0.016303,0.016303,0.016303,0.016303,0.016303,0.016303,0.016303,0.016303,0.016303
Salario,10.8066,10.8156,10.8243,10.8329,10.8414,10.8497,10.8579,10.866,10.874,10.8819,10.8897,10.8973,10.9049,10.9124,10.9198,10.9271,10.9344,10.9415,10.9486,10.9556,10.9626,10.9695,10.9763,10.983,10.9897,10.9963,11.0029,11.0094,11.0159,11.0223,11.0286,11.0349,11.0411,11.0473,11.0534,11.0595,11.0655,11.0715,11.0774,11.0833,11.0891,11.0949,11.1006,11.1063,11.1119,11.1175,11.1231,11.1286,11.134,11.1395
Salario infantil,0.76
SAVEPER,1,1,1,1,1,1,1,1,1,1,1,1,1,1,1,1,1,1,1,1,1,1,1,1,1,1,1,1,1,1,1,1,1,1,1,1,1,1,1,1,1,1,1,1,1,1,1,1,1,1
Seguridad alimentaria,0.461492,0.459714,0.458091,0.456609,0.455256,0.454021,0.452894,0.451866,0.450928,0.450072,0.449292,0.448581,0.447933,0.447343,0.446806,0.446316,0.445871,0.445466,0.445098,0.444764,0.44446,0.444184,0.443935,0.443709,0.443505,0.44332,0.443153,0.443003,0.442868,0.442747,0.442639,0.442542,0.442456,0.442379,0.442312,0.442252,0.442201,0.442156,0.442117,0.442084,0.442056,0.442033,0.442015,0.442001,0.441991,0.441983,0.44198,0.441979,0.441981,0.441985
Superficie municipio,1497
Tamaño familia,3.75,3.75422,3.75846,3.76274,3.76703,3.77134,3.77567,3.78001,3.78436,3.78872,3.79308,3.79745,3.80181,3.80617,3.81053,3.81489,3.81923,3.82357,3.8279,3.83221,3.83651,3.8408,3.84507,3.84933,3.85356,3.85778,3.86198,3.86615,3.87031,3.87444,3.87855,3.88263,3.88669,3.89072,3.89473,3.89871,3.90267,3.90659,3.91049,3.91436,3.9182,3.92201,3.92579,3.92953,3.93325,3.93694,3.94059,3.94422,3.94781,3.95137
Tecnificación agrícola,2.37101,2.37102,2.37103,2.37104,2.37105,2.37106,2.37108,2.37109,2.3711,2.37111,2.37112,2.37114,2.37115,2.37116,2.37117,2.37118,2.3712,2.37121,2.37122,2.37123,2.37125,2.37126,2.37127,2.37128,2.3713,2.37131,2.37132,2.37133,2.37135,2.37136,2.37137,2.37138,2.37139,2.37141,2.37142,2.37143,2.37144,2.37146,2.37147,2.37148,2.37149,2.37151,2.37152,2.37153,2.37154,2.37155,2.37157,2.37158,2.37159,2.3716
Tiempo de ajusto de desnutrición,24
Tiempo de ajusto de enfermedades,1
Tierra agrícola,299.4,299.968,300.537,301.105,301.673,302.24,302.808,303.375,303.942,304.509,305.076,305.642,306.209,306.775,307.341,307.906,308.472,309.038,309.603,310.168,310.733,311.298,311.862,312.427,312.991,313.555,314.119,314.683,315.247,315.81,316.374,316.937,317.5,318.063,318.626,319.189,319.752,320.314,320.877,321.439,322.001,322.563,323.125,323.687,324.249,324.811,325.373,325.935,326.496,327.058
Tierra por familia,0.38306,0.383919,0.384777,0.385636,0.386494,0.387352,0.38821,0.389068,0.389925,0.390782,0.391638,0.392493,0.393348,0.394201,0.395053,0.395904,0.396754,0.397603,0.39845,0.399296,0.40014,0.400982,0.401822,0.402661,0.403498,0.404333,0.405166,0.405996,0.406825,0.407651,0.408474,0.409296,0.410115,0.410931,0.411745,0.412556,0.413365,0.41417,0.414973,0.415773,0.41657,0.417365,0.418156,0.418944,0.419729,0.420511,0.42129,0.422065,0.422837,0.423606
Tierras hortalizas,0.153224,0.153567,0.153911,0.154254,0.154598,0.154941,0.155284,0.155627,0.15597,0.156313,0.156655,0.156997,0.157339,0.15768,0.158021,0.158362,0.158702,0.159041,0.15938,0.159718,0.160056,0.160393,0.160729,0.161064,0.161399,0.161733,0.162066,0.162398,0.16273,0.16306,0.16339,0.163718,0.164046,0.164372,0.164698,0.165022,0.165346,0.165668,0.165989,0.166309,0.166628,0.166946,0.167262,0.167578,0.167892,0.168204,0.168516,0.168826,0.169135,0.169443
Tierras milpa,0.153224,0.153567,0.153911,0.154254,0.154598,0.154941,0.155284,0.155627,0.15597,0.156313,0.156655,0.156997,0.157339,0.15768,0.158021,0.158362,0.158702,0.159041,0.15938,0.159718,0.160056,0.160393,0.160729,0.161064,0.161399,0.161733,0.162066,0.162398,0.16273,0.16306,0.16339,0.163718,0.164046,0.164372,0.164698,0.165022,0.165346,0.165668,0.165989,0.166309,0.166628,0.166946,0.167262,0.167578,0.167892,0.168204,0.168516,0.168826,0.169135,0.169443
TIME STEP,1
Trabajo,75.38,75.38,75.38,75.38,75.38,75.38,75.38,75.38,75.38,75.38,75.38,75.38,75.38,75.38,75.38,75.38,75.38,75.38,75.38,75.38,75.38,75.38,75.38,75.38,75.38,75.38,75.38,75.38,75.38,75.38,75.38,75.38,75.38,75.38,75.38,75.38,75.38,75.38,75.38,75.38,75.38,75.38,75.38,75.38,75.38,75.38,75.38,75.38,75.38,75.38
Trabajo infantil,11.1313,11.1406,11.1494,11.1577,11.1656,11.1731,11.1803,11.1871,11.1937,11.1999,11.2059,11.2117,11.2172,11.2226,11.2278,11.2328,11.2377,11.2424,11.247,11.2514,11.2558,11.26,11.2641,11.2682,11.2721,11.276,11.2798,11.2835,11.2872,11.2908,11.2943,11.2978,11.3012,11.3046,11.3079,11.3111,11.3143,11.3175,11.3206,11.3237,11.3268,11.3298,11.3328,11.3357,11.3386,11.3414,11.3443,11.347,11.3498,11.3525
Tratamiento agua,0.82
Uso insumos orgánicos,0.168
Uso insumos químicos,0.0179525,0.0179526,0.0179526,0.0179526,0.0179526,0.0179527,0.0179527,0.0179527,0.0179527,0.0179527,0.0179527,0.0179527,0.0179528,0.0179528,0.0179528,0.0179528,0.0179528,0.0179529,0.0179529,0.0179529,0.0179529,0.0179529,0.017953,0.017953,0.017953,0.017953,0.017953,0.0179531,0.0179531,0.0179531,0.0179531,0.0179531,0.0179532,0.0179532,0.0179532,0.0179532,0.0179532,0.0179532,0.0179533,0.0179533,0.0179533,0.0179533,0.0179533,0.0179534,0.0179534,0.0179534,0.0179534,0.0179534,0.0179534,0.0179535
Ventas hortalizas,3161.23,3165.66,3170.09,3174.5,3178.9,3183.29,3187.66,3192.02,3196.37,3200.7,3205.01,3209.31,3213.59,3217.85,3222.09,3226.31,3230.51,3234.68,3238.84,3242.97,3247.07,3251.15,3255.21,3259.24,3263.25,3267.23,3271.18,3275.1,3278.99,3282.86,3286.69,3290.49,3294.27,3298.01,3301.72,3305.4,3309.05,3312.67,3316.25,3319.8,3323.31,3326.79,3330.24,3333.65,3337.02,3340.37,3343.67,3346.94,3350.17,3353.37
